Id,Date,Satellite,Sensor,Cascading output,Path
True,2017-01-08T09:54:00,Sentinel 2,MSI,No activity,20221108T095221_20221108T095402_T33SVB.jpg
True,2017-01-18T09:53:00,Sentinel 2,MSI,Thermal anomalies,20200901T094039_20200901T094559_T33SVB.jpg
True,2017-01-28T09:52:00,Sentinel 2,MSI,Thermal anomalies,20230303T095029_20230303T095422_T33SVB.jpg
True,2017-02-04T09:42:00,Sentinel 2,MSI,Thermal anomalies,20191204T095401_20191204T095356_T33SVB.jpg
True,2017-02-07T09:51:00,Sentinel 2,MSI,Thermal anomalies,20200711T095031_20200711T095953_T33SVB.jpg
True,2017-02-14T09:41:00,Sentinel 2,MSI,Thermal anomalies,20230318T095031_20230318T095031_T33SVB.jpg
True,2017-02-17T09:50:00,Sentinel 2,MSI,Thermal anomalies,20210911T094031_20210911T094346_T33SVB.jpg
True,2017-02-24T09:40:00,Sentinel 2,MSI,Thermal anomalies,20191214T095401_20191214T095404_T33SVB.jpg
True,2017-02-27T09:50:00,Sentinel 2,MSI,Thermal anomalies,20220504T094029_20220504T094026_T33SVB.jpg
True,2017-03-06T09:40:00,Sentinel 2,MSI,Thermal anomalies,20230124T094301_20230124T094906_T33SVB.jpg
True,2017-03-09T09:50:00,Sentinel 2,MSI,Thermal anomalies,20200621T095041_20200621T095846_T33SVB.jpg
True,2017-03-16T09:40:00,Sentinel 2,MSI,Lava flows,20180513T095031_20180513T095705_T33SVB.jpg
True,2017-03-19T09:50:00,Sentinel 2,MSI,Lava flows,20220716T094549_20220716T094815_T33SVB.jpg
True,2017-03-26T09:40:00,Sentinel 2,MSI,Lava flows,20201019T095041_20201019T095404_T33SVB.jpg
True,2017-03-29T09:50:00,Sentinel 2,MSI,Lava Flows,20220522T095041_20220522T095036_T33SVB.jpg
True,2017-04-05T09:40:00,Sentinel 2,MSI,Lava Flows,20180128T095239_20180128T095459_T33SVB.jpg
True,2017-04-08T09:50:00,Sentinel 2,MSI,Lava flows,20211021T094041_20211021T094351_T33SVB.jpg
True,2017-04-15T09:40:00,Sentinel 2,MSI,Thermal anomalies,20181229T095411_20181229T095413_T33SVB.jpg
True,2017-04-18T09:50:00,Sentinel 2,MSI,Thermal anomalies,20220422T095031_20220422T095403_T33SVB.jpg
True,2017-04-25T09:40:00,Sentinel 2,MSI,Thermal anomalies,20180125T094249_20180125T094331_T33SVB.jpg
True,2017-04-28T09:50:00,Sentinel 2,MSI,Thermal anomalies,20181022T094029_20181022T094842_T33SVB.jpg
True,2017-04-30T09:40:00,Sentinel 2,MSI,Thermal anomalies,20190922T094031_20190922T094031_T33SVB.jpg
True,2017-05-08T09:50:00,Sentinel 2,MSI,Thermal anomalies,20210318T095031_20210318T095355_T33SVB.jpg
True,2017-05-15T09:40:00,Sentinel 2,MSI,Thermal anomalies,20220919T095041_20220919T095038_T33SVB.jpg
True,2017-05-25T09:40:00,Sentinel 2,MSI,Thermal anomalies,20191216T094319_20191216T094315_T33SVB.jpg
True,2017-05-28T09:50:00,Sentinel 2,MSI,Thermal anomalies,20220117T095239_20220117T095351_T33SVB.jpg
True,2017-06-14T09:40:00,Sentinel 2,MSI,Thermal anomalies,20211220T094411_20211220T094414_T33SVB.jpg
True,2017-06-17T09:50:00,Sentinel 2,MSI,Thermal anomalies,20200906T094041_20200906T094350_T33SVB.jpg
True,2017-06-27T09:50:00,Sentinel 2,MSI,Thermal anomalies,20170801T095029_20170801T095712_T33SVB.jpg
True,2017-07-04T09:40:00,Sentinel 2,MSI,Thermal anomalies,20171022T094041_20171022T094438_T33SVB.jpg
True,2017-07-07T09:50:00,Sentinel 2,MSI,Thermal anomalies,20220228T094031_20220228T094349_T33SVB.jpg
True,2017-07-09T09:40:00,Sentinel 2,MSI,Thermal anomalies,20200603T094029_20200603T094032_T33SVB.jpg
True,2017-07-12T09:50:00,Sentinel 2,MSI,Thermal anomalies,20210308T095031_20210308T095358_T33SVB.jpg
True,2017-07-14T09:40:00,Sentinel 2,MSI,Thermal anomalies,20230313T095039_20230313T095034_T33SVB.jpg
True,2017-07-17T09:50:00,Sentinel 2,MSI,Thermal anomalies,20170614T094031_20170614T094806_T33SVB.jpg
True,2017-07-22T09:50:00,Sentinel 2,MSI,Thermal anomalies,20201014T095039_20201014T095207_T33SVB.jpg
True,2017-07-24T09:40:00,Sentinel 2,MSI,Thermal anomalies,20170828T094029_20170828T094801_T33SVB.jpg
True,2017-07-29T09:40:00,Sentinel 2,MSI,Thermal anomalies,20200812T094039_20200812T094034_T33SVB.jpg
True,2017-08-01T09:50:00,Sentinel 2,MSI,Thermal anomalies,20190528T095031_20190528T095828_T33SVB.jpg
True,2017-08-03T09:40:00,Sentinel 2,MSI,Thermal anomalies,20200315T094029_20200315T094720_T33SVB.jpg
True,2017-08-06T09:50:00,Sentinel 2,MSI,Thermal anomalies,20170617T095031_20170617T095546_T33SVB.jpg
True,2017-08-08T09:40:00,Sentinel 2,MSI,Thermal anomalies,20190727T095031_20190727T095237_T33SVB.jpg
True,2017-08-11T09:50:00,Sentinel 2,MSI,Thermal anomalies,20181015T095029_20181015T095902_T33SVB.jpg
True,2017-08-13T09:40:00,Sentinel 2,MSI,Thermal anomalies,20210812T094031_20210812T094348_T33SVB.jpg
True,2017-08-16T09:50:00,Sentinel 2,MSI,Thermal anomalies,20180609T094031_20180609T094142_T33SVB.jpg
True,2017-08-21T09:50:00,Sentinel 2,MSI,Thermal anomalies,20211001T094041_20211001T094350_T33SVB.jpg
True,2017-08-23T09:40:00,Sentinel 2,MSI,Thermal anomalies,20200728T094041_20200728T094036_T33SVB.jpg
True,2017-08-26T09:50:00,Sentinel 2,MSI,Thermal anomalies,20211026T094029_20211026T095002_T33SVB.jpg
True,2017-08-28T09:40:00,Sentinel 2,MSI,Thermal anomalies,20180202T095221_20180202T095432_T33SVB.jpg
True,2017-08-31T09:50:00,Sentinel 2,MSI,Thermal anomalies,20221218T095421_20221218T095420_T33SVB.jpg
True,2017-09-02T09:40:00,Sentinel 2,MSI,Thermal anomalies,20211031T094141_20211031T094352_T33SVB.jpg
True,2017-09-07T09:40:00,Sentinel 2,MSI,Thermal anomalies,20200219T094031_20200219T094335_T33SVB.jpg
True,2017-09-12T09:40:00,Sentinel 2,MSI,Thermal anomalies,20190722T095039_20190722T095038_T33SVB.jpg
True,2017-09-15T09:50:00,Sentinel 2,MSI,Thermal anomalies,20230320T094039_20230320T094852_T33SVB.jpg
True,2017-09-17T09:40:00,Sentinel 2,MSI,Thermal anomalies,20180518T095029_20180518T095747_T33SVB.jpg
True,2017-09-22T09:40:00,Sentinel 2,MSI,Thermal anomalies,20221130T094249_20221130T094249_T33SVB.jpg
True,2017-09-30T09:50:00,Sentinel 2,MSI,Thermal anomalies,20190823T094031_20190823T094536_T33SVB.jpg
True,2017-10-10T09:50:00,Sentinel 2,MSI,Thermal anomalies,20180430T094031_20180430T094543_T33SVB.jpg
True,2017-10-12T09:40:00,Sentinel 2,MSI,Thermal anomalies,20210114T094341_20210114T094349_T33SVB.jpg
True,2017-10-15T09:50:00,Sentinel 2,MSI,Thermal anomalies,20180712T095031_20180712T095823_T33SVB.jpg
True,2017-10-20T09:50:00,Sentinel 2,MSI,Thermal anomalies,20201029T095131_20201029T095402_T33SVB.jpg
True,2017-10-22T09:40:00,Sentinel 2,MSI,Thermal anomalies,20210921T094031_20210921T094349_T33SVB.jpg
True,2017-10-25T09:51:00,Sentinel 2,MSI,Thermal anomalies,20200325T094029_20200325T094922_T33SVB.jpg
True,2017-10-27T09:40:00,Sentinel 2,MSI,Thermal anomalies,20170722T095029_20170722T095521_T33SVB.jpg
True,2017-10-30T09:51:00,Sentinel 2,MSI,Thermal anomalies,20190214T094111_20190214T094826_T33SVB.jpg
True,2017-11-01T09:41:00,Sentinel 2,MSI,Thermal anomalies,20180622T095031_20180622T095438_T33SVB.jpg
True,2017-11-04T09:52:00,Sentinel 2,MSI,Thermal anomalies,20180617T095029_20180617T095028_T33SVB.jpg
True,2017-11-09T09:52:00,Sentinel 2,MSI,Thermal anomalies,20200402T095031_20200402T095832_T33SVB.jpg
True,2017-11-16T09:42:00,Sentinel 2,MSI,Thermal anomalies,20200628T094041_20200628T094036_T33SVB.jpg
True,2017-11-19T09:52:00,Sentinel 2,MSI,Thermal anomalies,20190413T095039_20190413T095103_T33SVB.jpg
True,2017-11-21T09:43:00,Sentinel 2,MSI,Thermal anomalies,20210601T095029_20210601T095030_T33SVB.jpg
True,2017-11-24T09:53:00,Sentinel 2,MSI,Thermal anomalies,20190207T095151_20190207T095736_T33SVB.jpg
True,2017-11-29T09:53:00,Sentinel 2,MSI,Thermal anomalies,20201230T094319_20201230T094317_T33SVB.jpg
True,2017-12-04T09:54:00,Sentinel 2,MSI,Thermal anomalies,20171015T095031_20171015T095944_T33SVB.jpg
True,2017-12-06T09:43:00,Sentinel 2,MSI,Thermal anomalies,20211205T094259_20211205T094300_T33SVB.jpg
True,2017-12-11T09:44:00,Sentinel 2,MSI,Thermal anomalies,20190714T094041_20190714T094036_T33SVB.jpg
True,2017-12-14T09:54:00,Sentinel 2,MSI,Thermal anomalies,20210527T095031_20210527T095359_T33SVB.jpg
True,2017-12-19T09:54:00,Sentinel 2,MSI,Thermal anomalies,20200115T094239_20200115T094730_T33SVB.jpg
True,2017-12-21T09:44:00,Sentinel 2,MSI,No activity,20180530T094031_20180530T095013_T33SVB.jpg
True,2017-12-24T09:54:00,Sentinel 2,MSI,Thermal anomalies,20210929T095029_20210929T095028_T33SVB.jpg
True,2017-12-26T09:43:00,Sentinel 2,MSI,No activity,20190602T095039_20190602T095935_T33SVB.jpg
True,2018-01-03T09:54:00,Sentinel 2,MSI,Thermal anomalies,20170821T095029_20170821T095453_T33SVB.jpg
True,2018-01-05T09:43:00,Sentinel 2,MSI,Thermal anomalies,20230514T094031_20230514T094031_T33SVB.jpg
True,2018-01-08T09:53:00,Sentinel 2,MSI,Thermal anomalies,20220109T094401_20220109T094357_T33SVB.jpg
True,2018-01-18T09:53:00,Sentinel 2,MSI,Thermal anomalies,20210409T094029_20210409T094027_T33SVB.jpg
True,2018-01-20T09:43:00,Sentinel 2,MSI,No activity,20220708T094041_20220708T094044_T33SVB.jpg
True,2018-01-23T09:53:00,Sentinel 2,MSI,Thermal anomalies,20220623T094039_20220623T094035_T33SVB.jpg
True,2018-01-25T09:42:00,Sentinel 2,MSI,Thermal anomalies,20220303T095031_20220303T095402_T33SVB.jpg
True,2018-01-28T09:52:00,Sentinel 2,MSI,Thermal anomalies,20190301T094029_20190301T094340_T33SVB.jpg
True,2018-01-30T09:42:00,Sentinel 2,MSI,Thermal anomalies,20200723T094039_20200723T094453_T33SVB.jpg
True,2018-02-04T09:41:00,Sentinel 2,MSI,No activity,20221026T094101_20221026T094348_T33SVB.jpg
True,2018-02-12T09:51:00,Sentinel 2,MSI,Thermal anomalies,20170724T094031_20170724T094817_T33SVB.jpg
True,2018-02-17T09:50:00,Sentinel 2,MSI,Thermal anomalies,20230216T095101_20230216T095321_T33SVB.jpg
True,2018-02-24T09:40:00,Sentinel 2,MSI,Thermal anomalies,20210827T094029_20210827T094028_T33SVB.jpg
True,2018-03-01T09:40:00,Sentinel 2,MSI,No activity,20180704T094029_20180704T094029_T33SVB.jpg
True,2018-03-11T09:40:00,Sentinel 2,MSI,No activity,20220223T094029_20220223T094623_T33SVB.jpg
True,2018-03-16T09:40:00,Sentinel 2,MSI,No activity,20190430T094039_20190430T095008_T33SVB.jpg
True,2018-03-29T09:50:00,Sentinel 2,MSI,Thermal anomalies,20220713T093549_20220713T093844_T33SVB.jpg
True,2018-03-31T09:40:00,Sentinel 2,MSI,No activity,20211128T095249_20211128T095354_T33SVB.jpg
True,2018-04-03T09:50:00,Sentinel 2,MSI,Thermal anomalies,20180324T095031_20180324T095537_T33SVB.jpg
True,2018-04-05T09:40:00,Sentinel 2,MSI,No activity,20210107T095401_20210107T095403_T33SVB.jpg
True,2018-04-08T09:50:00,Sentinel 2,MSI,Thermal anomalies,20210129T094139_20210129T094142_T33SVB.jpg
True,2018-04-13T09:50:00,Sentinel 2,MSI,Thermal anomalies,20211024T095101_20211024T095403_T33SVB.jpg
True,2018-04-23T09:50:00,Sentinel 2,MSI,Thermal anomalies,20190418T095031_20190418T095032_T33SVB.jpg
True,2018-04-25T09:40:00,Sentinel 2,MSI,Thermal anomalies,20180619T094031_20180619T094634_T33SVB.jpg
True,2018-04-28T09:50:00,Sentinel 2,MSI,Thermal anomalies,20190508T095031_20190508T095902_T33SVB.jpg
True,2018-06-07T09:50:00,Sentinel 2,MSI,Thermal anomalies,20190712T095039_20190712T095107_T33SVB.jpg
True,2018-06-09T09:40:00,Sentinel 2,MSI,Thermal anomalies,20211029T095029_20211029T095255_T33SVB.jpg
True,2018-06-12T09:50:00,Sentinel 2,MSI,Thermal anomalies,20210802T094031_20210802T094349_T33SVB.jpg
True,2018-07-02T09:50:00,Sentinel 2,MSI,Thermal anomalies,20210713T094031_20210713T094349_T33SVB.jpg
True,2018-07-04T09:40:00,Sentinel 2,MSI,Thermal anomalies,20220906T093601_20220906T093851_T33SVB.jpg
True,2018-07-07T09:50:00,Sentinel 2,MSI,Thermal anomalies,20191209T095309_20191209T095309_T33SVB.jpg
True,2018-07-12T09:50:00,Sentinel 2,MSI,Thermal anomalies,20210404T094031_20210404T094342_T33SVB.jpg
True,2018-07-14T09:40:00,Sentinel 2,MSI,Thermal anomalies,20170712T095029_20170712T095623_T33SVB.jpg
True,2018-07-17T09:50:00,Sentinel 2,MSI,Thermal anomalies,20171119T095259_20171119T095407_T33SVB.jpg
True,2018-07-19T09:40:00,Sentinel 2,MSI,Thermal anomalies,20170329T095021_20170329T095024_T33SVB.jpg
True,2018-07-22T09:50:00,Sentinel 2,MSI,Thermal anomalies,20200328T095029_20200328T095751_T33SVB.jpg
True,2018-07-29T09:40:00,Sentinel 2,MSI,Thermal anomalies,20190113T095349_20190113T095350_T33SVB.jpg
True,2018-08-11T09:50:00,Sentinel 2,MSI,Thermal anomalies,20171111T094231_20171111T094227_T33SVB.jpg
True,2018-08-18T09:40:00,Sentinel 2,MSI,Thermal anomalies,20201004T095039_20201004T095033_T33SVB.jpg
True,2018-08-26T09:50:00,Sentinel 2,MSI,Thermal anomalies,20200103T095401_20200103T095402_T33SVB.jpg
True,2018-08-28T09:40:00,Sentinel 2,MSI,Lava Flows,20230419T094029_20230419T094032_T33SVB.jpg
True,2018-08-31T09:50:00,Sentinel 2,MSI,Thermal anomalies,20170405T094031_20170405T094419_T33SVB.jpg
True,2018-09-05T09:50:00,Sentinel 2,MSI,Thermal anomalies,20191206T094259_20191206T094328_T33SVB.jpg
True,2018-09-12T09:40:00,Sentinel 2,MSI,Thermal anomalies,20230522T094549_20230522T094803_T33SVB.jpg
True,2018-09-25T09:50:00,Sentinel 2,MSI,Thermal anomalies,20190415T094031_20190415T094033_T33SVB.jpg
True,2018-09-27T09:40:00,Sentinel 2,MSI,Thermal anomalies,20191124T095331_20191124T095329_T33SVB.jpg
True,2018-09-30T09:50:00,Sentinel 2,MSI,Thermal anomalies,20200422T095031_20200422T095031_T33SVB.jpg
True,2018-10-07T09:40:00,Sentinel 2,MSI,Thermal anomalies,20200613T094039_20200613T094203_T33SVB.jpg
True,2018-10-20T09:50:00,Sentinel 2,MSI,Thermal anomalies,20230519T093549_20230519T093836_T33SVB.jpg
True,2018-10-22T09:40:00,Sentinel 2,MSI,No activity,20230102T095319_20230102T095318_T33SVB.jpg
True,2018-10-25T09:50:00,Sentinel 2,MSI,Thermal anomalies,20171124T095331_20171124T095929_T33SVB.jpg
True,2018-10-27T09:41:00,Sentinel 2,MSI,Thermal anomalies,20181030T095121_20181030T095351_T33SVB.jpg
True,2018-10-30T09:51:00,Sentinel 2,MSI,Thermal anomalies,20190403T095029_20190403T095557_T33SVB.jpg
True,2018-11-06T09:42:00,Sentinel 2,MSI,Thermal anomalies,20221230T094319_20221230T094318_T33SVB.jpg
True,2018-11-09T09:52:00,Sentinel 2,MSI,Thermal anomalies,20221014T094859_20221014T095900_T33SVB.jpg
True,2018-11-11T09:42:00,Sentinel 2,MSI,Thermal anomalies,20190108T095401_20190108T095357_T33SVB.jpg
True,2018-11-14T09:52:00,Sentinel 2,MSI,Thermal anomalies,20171027T094059_20171027T094531_T33SVB.jpg
True,2018-11-21T09:43:00,Sentinel 2,MSI,Thermal anomalies,20181104T095159_20181104T095233_T33SVB.jpg
True,2018-11-24T09:53:00,Sentinel 2,MSI,Thermal anomalies,20191104T095201_20191104T095353_T33SVB.jpg
True,2018-11-26T09:43:00,Sentinel 2,MSI,Lava Flows,20200118T095229_20200118T095554_T33SVB.jpg
True,2018-11-29T09:53:00,Sentinel 2,MSI,Lava Flows,20200417T095029_20200417T095907_T33SVB.jpg
True,2018-12-04T09:53:00,Sentinel 2,MSI,Lava Flows,20190120T094319_20190120T094811_T33SVB.jpg
True,2018-12-06T09:43:00,Sentinel 2,MSI,Lava Flows,20191219T095319_20191219T095346_T33SVB.jpg
True,2018-12-09T09:54:00,Sentinel 2,MSI,Thermal anomalies,20170627T095031_20170627T095631_T33SVB.jpg
True,2018-12-11T09:43:00,Sentinel 2,MSI,Thermal anomalies,20220711T095041_20220711T095042_T33SVB.jpg
True,2018-12-14T09:54:00,Sentinel 2,MSI,Thermal anomalies,20170714T094031_20170714T094230_T33SVB.jpg
True,2018-12-16T09:44:00,Sentinel 2,MSI,Thermal anomalies,20180930T095031_20180930T095915_T33SVB.jpg
True,2018-12-19T09:54:00,Sentinel 2,MSI,Lava Flows,20181224T095419_20181224T095419_T33SVB.jpg
True,2018-12-21T09:44:00,Sentinel 2,MSI,Lava Flows,20220412T095031_20220412T095358_T33SVB.jpg
True,2018-12-24T09:54:00,Sentinel 2,MSI,Lava Flows,20210502T095029_20210502T095025_T33SVB.jpg
True,2018-12-26T09:44:00,Sentinel 2,MSI,Thermal anomalies,20200616T095029_20200616T095944_T33SVB.jpg
True,2018-12-29T09:54:00,Sentinel 2,MSI,Thermal anomalies,20180811T095031_20180811T095612_T33SVB.jpg
True,2019-01-08T09:54:00,Sentinel 2,MSI,No activity,20180428T095029_20180428T095759_T33SVB.jpg
True,2019-01-15T09:43:00,Sentinel 2,MSI,No activity,20220419T094041_20220419T094350_T33SVB.jpg
True,2019-01-18T09:53:00,Sentinel 2,MSI,Thermal anomalies,20180423T095031_20180423T095454_T33SVB.jpg
True,2019-01-20T09:43:00,Sentinel 2,MSI,Thermal anomalies,20200214T094029_20200214T094641_T33SVB.jpg
True,2019-01-25T09:43:00,Sentinel 2,MSI,No activity,20220404T094029_20220404T094027_T33SVB.jpg
True,2019-02-02T09:52:00,Sentinel 2,MSI,No activity,20191229T095319_20191229T095447_T33SVB.jpg
True,2019-02-09T09:41:00,Sentinel 2,MSI,Thermal anomalies,20181216T094401_20181216T094403_T33SVB.jpg
True,2019-02-14T09:41:00,Sentinel 2,MSI,Thermal anomalies,20220626T095039_20220626T095034_T33SVB.jpg
True,2019-02-17T09:50:00,Sentinel 2,MSI,Thermal anomalies,20210429T094029_20210429T094026_T33SVB.jpg
True,2019-02-19T09:40:00,Sentinel 2,MSI,Thermal anomalies,20210315T094031_20210315T094345_T33SVB.jpg
True,2019-02-27T09:50:00,Sentinel 2,MSI,Thermal anomalies,20210328T095031_20210328T095356_T33SVB.jpg
True,2019-03-01T09:40:00,Sentinel 2,MSI,Thermal anomalies,20210216T095101_20210216T095356_T33SVB.jpg
True,2019-03-04T09:50:00,Sentinel 2,MSI,Thermal anomalies,20210726T095031_20210726T095558_T33SVB.jpg
True,2019-03-09T09:50:00,Sentinel 2,MSI,Thermal anomalies,20230305T094031_20230305T094230_T33SVB.jpg
True,2019-03-11T09:40:00,Sentinel 2,MSI,Thermal anomalies,20181214T095409_20181214T095834_T33SVB.jpg
True,2019-03-16T09:40:00,Sentinel 2,MSI,Thermal anomalies,20180222T095031_20180222T095026_T33SVB.jpg
True,2019-03-19T09:50:00,Sentinel 2,MSI,Thermal anomalies,20230112T095249_20230112T095252_T33SVB.jpg
True,2019-03-24T09:50:00,Sentinel 2,MSI,Thermal anomalies,20210728T094029_20210728T094408_T33SVB.jpg
True,2019-03-26T09:40:00,Sentinel 2,MSI,Thermal anomalies,20191002T094031_20191002T094033_T33SVB.jpg
True,2019-03-29T09:50:00,Sentinel 2,MSI,Thermal anomalies,20220706T095039_20220706T095034_T33SVB.jpg
True,2019-03-31T09:40:00,Sentinel 2,MSI,Thermal anomalies,20180627T095029_20180627T095531_T33SVB.jpg
True,2019-04-15T09:40:00,Sentinel 2,MSI,Thermal anomalies,20170624T094031_20170624T094315_T33SVB.jpg
True,2019-04-18T09:50:00,Sentinel 2,MSI,Thermal anomalies,20170818T094029_20170818T094028_T33SVB.jpg
True,2019-04-20T09:40:00,Sentinel 2,MSI,Thermal anomalies,20180818T094031_20180818T094700_T33SVB.jpg
True,2019-04-23T09:50:00,Sentinel 2,MSI,Thermal anomalies,20180118T095329_20180118T095434_T33SVB.jpg
True,2019-04-28T09:50:00,Sentinel 2,MSI,Thermal anomalies,20230119T094229_20230119T094227_T33SVB.jpg
True,2019-04-30T09:40:00,Sentinel 2,MSI,Thermal anomalies,20190311T094029_20190311T094028_T33SVB.jpg
True,2019-05-05T09:40:00,Sentinel 2,MSI,Thermal anomalies,20200308T095029_20200308T095932_T33SVB.jpg
True,2019-05-08T09:50:00,Sentinel 2,MSI,No activity,20200318T095029_20200318T095917_T33SVB.jpg
True,2019-05-30T09:40:00,Sentinel 2,MSI,Lava Flows,20170917T094019_20170917T094932_T33SVB.jpg
True,2019-06-04T09:40:00,Sentinel 2,MSI,Lava Flows,20200810T095041_20200810T095035_T33SVB.jpg
True,2019-06-07T09:50:00,Sentinel 2,MSI,Thermal anomalies,20230424T094031_20230424T094030_T33SVB.jpg
True,2019-06-14T09:40:00,Sentinel 2,MSI,Thermal anomalies,20220924T095029_20220924T095935_T33SVB.jpg
True,2019-06-17T09:50:00,Sentinel 2,MSI,No activity,20180403T095031_20180403T095807_T33SVB.jpg
True,2019-06-24T09:40:00,Sentinel 2,MSI,Thermal anomalies,20201118T095311_20201118T095400_T33SVB.jpg
True,2019-06-27T09:50:00,Sentinel 2,MSI,Thermal anomalies,20180105T094359_20180105T094407_T33SVB.jpg
True,2019-07-07T09:50:00,Sentinel 2,MSI,Thermal anomalies,20230308T095031_20230308T095141_T33SVB.jpg
True,2019-07-09T09:40:00,Sentinel 2,MSI,Thermal anomalies,20220810T094601_20220810T100017_T33SVB.jpg
True,2019-07-12T09:50:00,Sentinel 2,MSI,Thermal anomalies,20221004T095029_20221004T095914_T33SVB.jpg
True,2019-07-14T09:40:00,Sentinel 2,MSI,Thermal anomalies,20200404T094029_20200404T094524_T33SVB.jpg
True,2019-07-17T09:50:00,Sentinel 2,MSI,Thermal anomalies,20200916T094041_20200916T094350_T33SVB.jpg
True,2019-07-19T09:40:00,Sentinel 2,MSI,Lava Flows,20220218T094041_20220218T094350_T33SVB.jpg
True,2019-07-22T09:50:00,Sentinel 2,MSI,Thermal anomalies,20211004T095031_20211004T095403_T33SVB.jpg
True,2019-07-27T09:50:00,Sentinel 2,MSI,Thermal anomalies,20210529T094029_20210529T094711_T33SVB.jpg
True,2019-07-29T09:40:00,Sentinel 2,MSI,Thermal anomalies,20181124T095329_20181124T095947_T33SVB.jpg
True,2019-08-01T09:50:00,Sentinel 2,MSI,Thermal anomalies,20200207T095059_20200207T095055_T33SVB.jpg
True,2019-08-03T09:40:00,Sentinel 2,MSI,Thermal anomalies,20170428T095031_20170428T095704_T33SVB.jpg
True,2019-08-08T09:40:00,Sentinel 2,MSI,Thermal anomalies,20220529T094041_20220529T094038_T33SVB.jpg
True,2019-08-13T09:40:00,Sentinel 2,MSI,Thermal anomalies,20180326T094029_20180326T094622_T33SVB.jpg
True,2019-08-16T09:50:00,Sentinel 2,MSI,Thermal anomalies,20221016T094031_20221016T094327_T33SVB.jpg
True,2019-08-21T09:50:00,Sentinel 2,MSI,Thermal anomalies,20200926T094041_20200926T094351_T33SVB.jpg
True,2019-09-07T09:40:00,Sentinel 2,MSI,Thermal anomalies,20210919T095029_20210919T095829_T33SVB.jpg
True,2019-09-10T09:50:00,Sentinel 2,MSI,Thermal anomalies,20210623T094031_20210623T094347_T33SVB.jpg
True,2019-09-12T09:40:00,Sentinel 2,MSI,Lava Flows,20220820T094601_20220820T094823_T33SVB.jpg
True,2019-09-15T09:50:00,Sentinel 2,MSI,Thermal anomalies,20201218T095421_20201218T095421_T33SVB.jpg
True,2019-09-17T09:40:00,Sentinel 2,MSI,Thermal anomalies,20180624T094029_20180624T094735_T33SVB.jpg
True,2019-09-20T09:50:00,Sentinel 2,MSI,Thermal anomalies,20221006T093901_20221006T094149_T33SVB.jpg
True,2019-09-22T09:40:00,Sentinel 2,MSI,Thermal anomalies,20200130T094231_20200130T094334_T33SVB.jpg
True,2019-09-25T09:50:00,Sentinel 2,MSI,Thermal anomalies,20180604T094029_20180604T094831_T33SVB.jpg
True,2019-09-27T09:40:00,Sentinel 2,MSI,Lava Flows,20170813T094031_20170813T094817_T33SVB.jpg
True,2019-09-30T09:50:00,Sentinel 2,MSI,Thermal anomalies,20180816T095029_20180816T095421_T33SVB.jpg
True,2019-10-02T09:40:00,Sentinel 2,MSI,Thermal anomalies,20181007T094031_20181007T094027_T33SVB.jpg
True,2019-10-05T09:50:00,Sentinel 2,MSI,Thermal anomalies,20171201T094341_20171201T094519_T33SVB.jpg
True,2019-10-12T09:40:00,Sentinel 2,MSI,Thermal anomalies,20230129T094149_20230129T094143_T33SVB.jpg
True,2019-10-15T09:50:00,Sentinel 2,MSI,Thermal anomalies,20180103T095401_20180103T095700_T33SVB.jpg
True,2019-10-17T09:40:00,Sentinel 2,MSI,Thermal anomalies,20220726T094549_20220726T095539_T33SVB.jpg
True,2019-10-20T09:50:00,Sentinel 2,MSI,Thermal anomalies,20201123T095329_20201123T095358_T33SVB.jpg
True,2019-10-22T09:40:00,Sentinel 2,MSI,Thermal anomalies,20210109T094259_20210109T094300_T33SVB.jpg
True,2019-10-27T09:40:00,Sentinel 2,MSI,Thermal anomalies,20180702T095031_20180702T095924_T33SVB.jpg
True,2019-11-04T09:52:00,Sentinel 2,MSI,Thermal anomalies,20211011T094041_20211011T094351_T33SVB.jpg
True,2019-11-21T09:43:00,Sentinel 2,MSI,Thermal anomalies,20200921T094039_20200921T094033_T33SVB.jpg
True,2019-11-29T09:52:00,Sentinel 2,MSI,Thermal anomalies,20190627T095031_20190627T095541_T33SVB.jpg
True,2019-12-01T09:43:00,Sentinel 2,MSI,Thermal anomalies,20230218T094029_20230218T094847_T33SVB.jpg
True,2019-12-04T09:54:00,Sentinel 2,MSI,Thermal anomalies,20210310T094029_20210310T094030_T33SVB.jpg
True,2019-12-06T09:42:00,Sentinel 2,MSI,Thermal anomalies,20211110T094231_20211110T094350_T33SVB.jpg
True,2019-12-09T09:53:00,Sentinel 2,MSI,Thermal anomalies,20180719T094031_20180719T094430_T33SVB.jpg
True,2019-12-16T09:43:00,Sentinel 2,MSI,Thermal anomalies,20220226T095029_20220226T095155_T33SVB.jpg
True,2019-12-19T09:53:00,Sentinel 2,MSI,Thermal anomalies,20211006T094029_20211006T094903_T33SVB.jpg
True,2019-12-24T09:54:00,Sentinel 2,MSI,No activity,20211118T095209_20211118T095356_T33SVB.jpg
True,2019-12-26T09:43:00,Sentinel 2,MSI,Thermal anomalies,20170425T094031_20170425T094430_T33SVB.jpg
True,2019-12-29T09:53:00,Sentinel 2,MSI,Thermal anomalies,20170430T094029_20170430T094345_T33SVB.jpg
True,2020-01-03T09:54:00,Sentinel 2,MSI,Thermal anomalies,20170415T094031_20170415T094859_T33SVB.jpg
True,2020-01-05T09:43:00,Sentinel 2,MSI,Thermal anomalies,20200409T094031_20200409T094554_T33SVB.jpg
True,2020-01-08T09:53:00,Sentinel 2,MSI,Thermal anomalies,20170912T094031_20170912T094408_T33SVB.jpg
True,2020-01-10T09:43:00,Sentinel 2,MSI,Thermal anomalies,20200128T095149_20200128T095542_T33SVB.jpg
True,2020-01-13T09:53:00,Sentinel 2,MSI,Thermal anomalies,20221220T094319_20221220T094322_T33SVB.jpg
True,2020-01-15T09:42:00,Sentinel 2,MSI,Thermal anomalies,20200904T095029_20200904T095032_T33SVB.jpg
True,2020-01-18T09:52:00,Sentinel 2,MSI,Thermal anomalies,20210820T095029_20210820T095944_T33SVB.jpg
True,2020-01-20T09:43:00,Sentinel 2,MSI,Thermal anomalies,20230203T094211_20230203T094347_T33SVB.jpg
True,2020-01-23T09:53:00,Sentinel 2,MSI,Thermal anomalies,20220911T093549_20220911T094930_T33SVB.jpg
True,2020-01-25T09:41:00,Sentinel 2,MSI,Thermal anomalies,20170826T095031_20170826T095913_T33SVB.jpg
True,2020-01-28T09:51:00,Sentinel 2,MSI,Thermal anomalies,20200217T095029_20200217T095511_T33SVB.jpg
True,2020-01-30T09:42:00,Sentinel 2,MSI,Thermal anomalies,20180204T094159_20180204T094953_T33SVB.jpg
True,2020-02-02T09:52:00,Sentinel 2,MSI,Thermal anomalies,20200830T095031_20200830T095403_T33SVB.jpg
True,2020-02-04T09:41:00,Sentinel 2,MSI,Thermal anomalies,20190818T094039_20190818T094036_T33SVB.jpg
True,2020-02-07T09:50:00,Sentinel 2,MSI,Thermal anomalies,20221011T093829_20221011T094832_T33SVB.jpg
True,2020-02-09T09:41:00,Sentinel 2,MSI,Thermal anomalies,20230417T095031_20230417T095027_T33SVB.jpg
True,2020-02-12T09:51:00,Sentinel 2,MSI,Thermal anomalies,20180314T095031_20180314T095315_T33SVB.jpg
True,2020-02-17T09:50:00,Sentinel 2,MSI,Thermal anomalies,20200313T095031_20200313T095203_T33SVB.jpg
True,2020-02-19T09:40:00,Sentinel 2,MSI,Thermal anomalies,20190329T095031_20190329T095315_T33SVB.jpg
True,2020-02-22T09:50:00,Sentinel 2,MSI,Thermal anomalies,20220114T094239_20220114T094242_T33SVB.jpg
True,2020-02-24T09:40:00,Sentinel 2,MSI,Thermal anomalies,20170803T094031_20170803T094046_T33SVB.jpg
True,2020-02-27T09:50:00,Sentinel 2,MSI,Thermal anomalies,20220211T095131_20220211T095357_T33SVB.jpg
True,2020-02-29T09:40:00,Sentinel 2,MSI,Thermal anomalies,20180510T094031_20180510T095007_T33SVB.jpg
True,2020-03-05T09:40:00,Sentinel 2,MSI,Thermal anomalies,20191224T095421_20191224T095746_T33SVB.jpg
True,2020-03-08T09:50:00,Sentinel 2,MSI,Thermal anomalies,20170823T094031_20170823T094252_T33SVB.jpg
True,2020-03-10T09:40:00,Sentinel 2,MSI,Lava Flows,20190617T095031_20190617T095949_T33SVB.jpg
True,2020-03-13T09:50:00,Sentinel 2,MSI,Thermal anomalies,20171121T094311_20171121T094906_T33SVB.jpg
True,2020-03-15T09:40:00,Sentinel 2,MSI,Thermal anomalies,20170108T095401_20170108T095949_T33SVB.jpg
True,2020-03-18T09:50:00,Sentinel 2,MSI,Thermal anomalies,20171012T094031_20171012T094720_T33SVB.jpg
True,2020-03-20T09:40:00,Sentinel 2,MSI,Thermal anomalies,20220208T094141_20220208T094347_T33SVB.jpg
True,2020-04-04T09:40:00,Sentinel 2,MSI,Thermal anomalies,20180523T095031_20180523T095527_T33SVB.jpg
True,2020-04-09T09:40:00,Sentinel 2,MSI,Thermal anomalies,20190702T095039_20190702T095845_T33SVB.jpg
True,2020-04-12T09:50:00,Sentinel 2,MSI,Thermal anomalies,20181119T095301_20181119T095345_T33SVB.jpg
True,2020-04-14T09:40:00,Sentinel 2,MSI,Thermal anomalies,20171109T095209_20171109T095901_T33SVB.jpg
True,2020-04-17T09:50:00,Sentinel 2,MSI,Thermal anomalies,20181017T094011_20181017T094338_T33SVB.jpg
True,2020-04-19T09:40:00,Sentinel 2,MSI,Thermal anomalies,20190925T095031_20190925T095917_T33SVB.jpg
True,2020-05-04T09:40:00,Sentinel 2,MSI,Thermal anomalies,20190724T094041_20190724T094126_T33SVB.jpg
True,2020-05-07T09:50:00,Sentinel 2,MSI,Thermal anomalies,20180113T095341_20180113T095451_T33SVB.jpg
True,2020-05-09T09:40:00,Sentinel 2,MSI,Thermal anomalies,20190917T094029_20190917T094439_T33SVB.jpg
True,2020-05-12T09:50:00,Sentinel 2,MSI,Thermal anomalies,20180722T095031_20180722T095924_T33SVB.jpg
True,2020-05-17T09:50:00,Sentinel 2,MSI,Thermal anomalies,20230507T095031_20230507T095907_T33SVB.jpg
True,2020-05-22T09:50:00,Sentinel 2,MSI,Thermal anomalies,20210817T094029_20210817T094030_T33SVB.jpg
True,2020-05-24T09:40:00,Sentinel 2,MSI,Thermal anomalies,20181226T094411_20181226T094605_T33SVB.jpg
True,2020-06-06T09:50:00,Sentinel 2,MSI,Thermal anomalies,20170408T095031_20170408T095711_T33SVB.jpg
True,2020-06-11T09:50:00,Sentinel 2,MSI,Thermal anomalies,20181005T095029_20181005T095720_T33SVB.jpg
True,2020-06-13T09:40:00,Sentinel 2,MSI,Thermal anomalies,20191221T094411_20191221T094407_T33SVB.jpg
True,2020-06-16T09:50:00,Sentinel 2,MSI,Thermal anomalies,20200815T095039_20200815T095033_T33SVB.jpg
True,2020-06-18T09:40:00,Sentinel 2,MSI,Thermal anomalies,20190927T094029_20190927T094447_T33SVB.jpg
True,2020-06-21T09:50:00,Sentinel 2,MSI,Thermal anomalies,20210522T095029_20210522T095029_T33SVB.jpg
True,2020-06-26T09:50:00,Sentinel 2,MSI,Thermal anomalies,20200303T095031_20200303T095347_T33SVB.jpg
True,2020-07-08T09:40:00,Sentinel 2,MSI,Thermal anomalies,20221223T095329_20221223T095328_T33SVB.jpg
True,2020-07-11T09:50:00,Sentinel 2,MSI,Thermal anomalies,20190321T094029_20190321T094906_T33SVB.jpg
True,2020-07-13T09:40:00,Sentinel 2,MSI,Thermal anomalies,20210716T095031_20210716T095359_T33SVB.jpg
True,2020-07-16T09:50:00,Sentinel 2,MSI,Thermal anomalies,20220812T093549_20220812T093840_T33SVB.jpg
True,2020-07-21T09:50:00,Sentinel 2,MSI,Thermal anomalies,20190505T094041_20190505T094230_T33SVB.jpg
True,2020-07-23T09:40:00,Sentinel 2,MSI,Thermal anomalies,20211108T095129_20211108T095348_T33SVB.jpg
True,2020-07-26T09:50:00,Sentinel 2,MSI,Thermal anomalies,20211225T094319_20211225T094318_T33SVB.jpg
True,2020-07-28T09:40:00,Sentinel 2,MSI,Thermal anomalies,20221001T094029_20221001T094754_T33SVB.jpg
True,2020-07-31T09:50:00,Sentinel 2,MSI,Thermal anomalies,20171129T095339_20171129T095856_T33SVB.jpg
True,2020-08-02T09:40:00,Sentinel 2,MSI,Thermal anomalies,20210112T095259_20210112T095357_T33SVB.jpg
True,2020-08-05T09:50:00,Sentinel 2,MSI,Thermal anomalies,20210226T095031_20210226T095358_T33SVB.jpg
True,2020-08-07T09:40:00,Sentinel 2,MSI,Lava Flows,20200721T095041_20200721T095455_T33SVB.jpg
True,2020-08-12T09:40:00,Sentinel 2,MSI,Thermal anomalies,20170915T095031_20170915T095829_T33SVB.jpg
True,2020-08-15T09:50:00,Sentinel 2,MSI,Thermal anomalies,20230206T095201_20230206T095356_T33SVB.jpg
True,2020-08-17T09:40:00,Sentinel 2,MSI,Thermal anomalies,20170105T094402_20170105T094517_T33SVB.jpg
True,2020-08-20T09:50:00,Sentinel 2,MSI,Thermal anomalies,20210721T095029_20210721T095031_T33SVB.jpg
True,2020-08-22T09:40:00,Sentinel 2,MSI,Thermal anomalies,20170910T095019_20170910T095810_T33SVB.jpg
True,2020-08-25T09:50:00,Sentinel 2,MSI,Thermal anomalies,20210117T095341_20210117T095359_T33SVB.jpg
True,2020-08-27T09:40:00,Sentinel 2,MSI,Thermal anomalies,20180717T095029_20180717T095403_T33SVB.jpg
True,2020-08-30T09:50:00,Sentinel 2,MSI,Thermal anomalies,20181010T095031_20181010T095801_T33SVB.jpg
True,2020-09-01T09:40:00,Sentinel 2,MSI,Thermal anomalies,20180530T094031_20180530T094032_T33SVB.jpg
True,2020-09-04T09:50:00,Sentinel 2,MSI,Thermal anomalies,20180413T095031_20180413T095634_T33SVB.jpg
True,2020-09-06T09:40:00,Sentinel 2,MSI,Thermal anomalies,20170604T094031_20170604T094032_T33SVB.jpg
True,2020-09-19T09:50:00,Sentinel 2,MSI,Thermal anomalies,20180707T095029_20180707T095140_T33SVB.jpg
True,2020-09-21T09:40:00,Sentinel 2,MSI,Thermal anomalies,20210621T095029_20210621T095946_T33SVB.jpg
True,2020-09-24T09:50:00,Sentinel 2,MSI,Thermal anomalies,20181126T094321_20181126T094323_T33SVB.jpg
True,2020-09-29T09:50:00,Sentinel 2,MSI,Thermal anomalies,20200618T094041_20200618T094609_T33SVB.jpg
True,2020-10-01T09:40:00,Sentinel 2,MSI,Thermal anomalies,20220718T094041_20220718T094546_T33SVB.jpg
True,2020-10-04T09:50:00,Sentinel 2,MSI,Thermal anomalies,20210211T095029_20210211T095255_T33SVB.jpg
True,2020-10-09T09:50:00,Sentinel 2,MSI,Thermal anomalies,20180607T095029_20180607T095421_T33SVB.jpg
True,2020-10-11T09:40:00,Sentinel 2,MSI,Thermal anomalies,20200817T094041_20200817T094348_T33SVB.jpg
True,2020-10-14T09:50:00,Sentinel 2,MSI,Thermal anomalies,20210830T095029_20210830T095026_T33SVB.jpg
True,2020-10-16T09:40:00,Sentinel 2,MSI,Thermal anomalies,20211130T094351_20211130T094345_T33SVB.jpg
True,2020-10-21T09:40:00,Sentinel 2,MSI,Thermal anomalies,20210611T095029_20210611T095030_T33SVB.jpg
True,2020-10-24T09:50:00,Sentinel 2,MSI,Thermal anomalies,20211105T094109_20211105T094106_T33SVB.jpg
True,2020-10-26T09:41:00,Sentinel 2,MSI,Thermal anomalies,20220514T094029_20220514T094029_T33SVB.jpg
True,2020-10-29T09:51:00,Sentinel 2,MSI,Thermal anomalies,20200419T094031_20200419T094121_T33SVB.jpg
True,2020-10-31T09:41:00,Sentinel 2,MSI,Thermal anomalies,20230524T094031_20230524T094732_T33SVB.jpg
True,2020-11-03T09:51:00,Sentinel 2,MSI,Thermal anomalies,20180515T094029_20180515T094029_T33SVB.jpg
True,2020-11-05T09:42:00,Sentinel 2,MSI,Thermal anomalies,20200726T095029_20200726T095032_T33SVB.jpg
True,2020-11-08T09:52:00,Sentinel 2,MSI,Thermal anomalies,20180828T094031_20180828T094319_T33SVB.jpg
True,2020-11-10T09:42:00,Sentinel 2,MSI,Thermal anomalies,20171007T094019_20171007T094016_T33SVB.jpg
True,2020-11-13T09:52:00,Sentinel 2,MSI,Thermal anomalies,20230213T094111_20230213T094343_T33SVB.jpg
True,2020-11-15T09:42:00,Sentinel 2,MSI,Thermal anomalies,20170920T095019_20170920T095824_T33SVB.jpg
True,2020-11-20T09:43:00,Sentinel 2,MSI,Thermal anomalies,20221128T095341_20221128T095357_T33SVB.jpg
True,2020-11-25T09:43:00,Sentinel 2,MSI,Thermal anomalies,20180217T095049_20180217T095651_T33SVB.jpg
True,2020-11-30T09:43:00,Sentinel 2,MSI,Thermal anomalies,20210228T094029_20210228T094427_T33SVB.jpg
True,2020-12-05T09:44:00,Sentinel 2,MSI,Thermal anomalies,20220926T094041_20220926T094118_T33SVB.jpg
True,2020-12-10T09:44:00,Sentinel 2,MSI,No activity,20180808T094031_20180808T094645_T33SVB.jpg
True,2020-12-15T09:44:00,Sentinel 2,MSI,Thermal anomalies,20230117T095331_20230117T095354_T33SVB.jpg
True,2020-12-18T09:54:00,Sentinel 2,MSI,Thermal anomalies,20180212T095121_20180212T095351_T33SVB.jpg
True,2020-12-23T09:53:00,Sentinel 2,MSI,Thermal anomalies,20200623T094039_20200623T094912_T33SVB.jpg
True,2020-12-28T09:54:00,Sentinel 2,MSI,Thermal anomalies,20200407T095029_20200407T100000_T33SVB.jpg
True,2021-01-02T09:53:00,Sentinel 2,MSI,Thermal anomalies,20230407T095031_20230407T095500_T33SVB.jpg
True,2021-01-04T09:44:00,Sentinel 2,MSI,Thermal anomalies,20170811T095029_20170811T095512_T33SVB.jpg
True,2021-01-12T09:52:00,Sentinel 2,MSI,Thermal anomalies,20230512T094549_20230512T095656_T33SVB.jpg
True,2021-01-14T09:43:00,Sentinel 2,MSI,Thermal anomalies,20220721T095041_20220721T095041_T33SVB.jpg
True,2021-01-17T09:53:00,Sentinel 2,MSI,Lava Flows,20220517T095029_20220517T095029_T33SVB.jpg
True,2021-01-19T09:42:00,Sentinel 2,MSI,Thermal anomalies,20190316T094031_20190316T094335_T33SVB.jpg
True,2021-01-22T09:52:00,Sentinel 2,MSI,Thermal anomalies,20180227T095019_20180227T095921_T33SVB.jpg
True,2021-01-27T09:52:00,Sentinel 2,MSI,Thermal anomalies,20221228T095421_20221228T095419_T33SVB.jpg
True,2021-01-29T09:41:00,Sentinel 2,MSI,Thermal anomalies,20230226T095031_20230226T095251_T33SVB.jpg
True,2021-02-03T09:42:00,Sentinel 2,MSI,Lava Flows,20191020T095029_20191020T095833_T33SVB.jpg
True,2021-02-06T09:52:00,Sentinel 2,MSI,Lava Flows,20181121T094309_20181121T094703_T33SVB.jpg
True,2021-02-08T09:40:00,Sentinel 2,MSI,Thermal anomalies,20170905T095031_20170905T095915_T33SVB.jpg
True,2021-02-11T09:50:00,Sentinel 2,MSI,Thermal anomalies,20210904T095031_20210904T095359_T33SVB.jpg
True,2021-02-16T09:51:00,Sentinel 2,MSI,Thermal anomalies,20190110T094359_20190110T094430_T33SVB.jpg
True,2021-02-18T09:40:00,Sentinel 2,MSI,Lava flows,20170922T094031_20170922T094934_T33SVB.jpg
True,2021-02-21T09:50:00,Sentinel 2,MSI,Lava flows,20181012T094029_20181012T094403_T33SVB.jpg
True,2021-02-23T09:40:00,Sentinel 2,MSI,Lava flows,20220611T095041_20220611T095039_T33SVB.jpg
True,2021-02-26T09:50:00,Sentinel 2,MSI,Thermal anomalies,20230323T095029_20230323T095813_T33SVB.jpg
True,2021-02-28T09:40:00,Sentinel 2,MSI,Lava flows,20180224T094019_20180224T094235_T33SVB.jpg
True,2021-03-03T09:50:00,Sentinel 2,MSI,Thermal anomalies,20210305T094031_20210305T094346_T33SVB.jpg
True,2021-03-08T09:50:00,Sentinel 2,MSI,Thermal anomalies,20191109T095129_20191109T095213_T33SVB.jpg
True,2021-03-10T09:40:00,Sentinel 2,MSI,Lava Flows,20180927T094031_20180927T094146_T33SVB.jpg
True,2021-03-13T09:50:00,Sentinel 2,MSI,Thermal anomalies,20171101T094131_20171101T094713_T33SVB.jpg
True,2021-03-15T09:40:00,Sentinel 2,MSI,Lava Flows,20200212T095121_20200212T095344_T33SVB.jpg
True,2021-03-25T09:40:00,Sentinel 2,MSI,Thermal anomalies,20220507T095029_20220507T095025_T33SVB.jpg
True,2021-03-28T09:50:00,Sentinel 2,MSI,Thermal anomalies,20200209T094131_20200209T094333_T33SVB.jpg
True,2021-03-30T09:40:00,Sentinel 2,MSI,Thermal anomalies,20170927T094019_20170927T094544_T33SVB.jpg
True,2021-04-02T09:50:00,Sentinel 2,MSI,Thermal anomalies,20230529T093549_20230529T093840_T33SVB.jpg
True,2021-04-07T09:50:00,Sentinel 2,MSI,Thermal anomalies,20220901T093549_20220901T093818_T33SVB.jpg
True,2021-04-09T09:40:00,Sentinel 2,MSI,Thermal anomalies,20230201T095129_20230201T095130_T33SVB.jpg
True,2021-04-12T09:50:00,Sentinel 2,MSI,Thermal anomalies,20230330T094039_20230330T094034_T33SVB.jpg
True,2021-04-14T09:40:00,Sentinel 2,MSI,Thermal anomalies,20181206T094351_20181206T094351_T33SVB.jpg
True,2021-04-27T09:50:00,Sentinel 2,MSI,Thermal anomalies,20210206T095201_20210206T095357_T33SVB.jpg
True,2021-04-29T09:40:00,Sentinel 2,MSI,Thermal anomalies,20180629T094031_20180629T094957_T33SVB.jpg
True,2021-05-02T09:50:00,Sentinel 2,MSI,No activity,20190523T095039_20190523T095443_T33SVB.jpg
True,2021-05-04T09:40:00,Sentinel 2,MSI,Lava Flows,20191010T095029_20191010T095728_T33SVB.jpg
True,2021-05-09T09:40:00,Sentinel 2,MSI,Thermal anomalies,20230402T095039_20230402T095033_T33SVB.jpg
True,2021-05-17T09:50:00,Sentinel 2,MSI,No activity,20220310T094041_20220310T094350_T33SVB.jpg
True,2021-05-19T09:40:00,Sentinel 2,MSI,Lava flows,20211019T095029_20211019T095045_T33SVB.jpg
True,2021-05-22T09:50:00,Sentinel 2,MSI,Thermal anomalies,20211208T095309_20211208T095352_T33SVB.jpg
True,2021-05-24T09:40:00,Sentinel 2,MSI,Thermal anomalies,20190503T095039_20190503T095855_T33SVB.jpg
True,2021-06-01T09:50:00,Sentinel 2,MSI,Thermal anomalies,20230422T095029_20230422T095031_T33SVB.jpg
True,2021-06-13T09:40:00,Sentinel 2,MSI,Lava Flows,20220414T094029_20220414T094320_T33SVB.jpg
True,2021-06-16T09:50:00,Sentinel 2,MSI,Thermal anomalies,20220817T093601_20220817T093849_T33SVB.jpg
True,2021-06-18T09:40:00,Sentinel 2,MSI,Lava Flows,20210603T094031_20210603T094347_T33SVB.jpg
True,2021-06-23T09:40:00,Sentinel 2,MSI,Lava flows,20180405T094029_20180405T094617_T33SVB.jpg
True,2021-06-26T09:50:00,Sentinel 2,MSI,Lava flows,20230228T094029_20230228T094559_T33SVB.jpg
True,2021-06-28T09:40:00,Sentinel 2,MSI,Thermal anomalies,20190821T095039_20190821T095437_T33SVB.jpg
True,2021-07-01T09:50:00,Sentinel 2,MSI,Thermal anomalies,20180831T095031_20180831T095935_T33SVB.jpg
True,2021-07-03T09:40:00,Sentinel 2,MSI,Thermal anomalies,desktop.ini
True,2021-07-06T09:50:00,Sentinel 2,MSI,Thermal anomalies,20201021T094039_20201021T095000_T33SVB.jpg
True,2021-07-08T09:40:00,Sentinel 2,MSI,Thermal anomalies,20180110T094351_20180110T094712_T33SVB.jpg
True,2021-07-11T09:50:00,Sentinel 2,MSI,Thermal anomalies,20180714T094029_20180714T094337_T33SVB.jpg
True,2021-07-13T09:40:00,Sentinel 2,MSI,Thermal anomalies,20190816T095031_20190816T095419_T33SVB.jpg
True,2021-07-16T09:50:00,Sentinel 2,MSI,Thermal anomalies,20190410T094039_20190410T094614_T33SVB.jpg
True,2021-07-23T09:40:00,Sentinel 2,MSI,Thermal anomalies,20200330T094031_20200330T094027_T33SVB.jpg
True,2021-07-26T09:50:00,Sentinel 2,MSI,Thermal anomalies,20190915T095031_20190915T095556_T33SVB.jpg
True,2021-07-28T09:40:00,Sentinel 2,MSI,Thermal anomalies,20191005T095031_20191005T095926_T33SVB.jpg
True,2021-07-31T09:50:00,Sentinel 2,MSI,Thermal anomalies,20170525T094031_20170525T094818_T33SVB.jpg
True,2021-08-02T09:40:00,Sentinel 2,MSI,Thermal anomalies,20230109T094259_20230109T094931_T33SVB.jpg
True,2021-08-07T09:40:00,Sentinel 2,MSI,Thermal anomalies,20211215T094319_20211215T094339_T33SVB.jpg
True,2021-08-10T09:50:00,Sentinel 2,MSI,Thermal anomalies,20230414T094031_20230414T094030_T33SVB.jpg
True,2021-08-12T09:40:00,Sentinel 2,MSI,Thermal anomalies,20220904T094549_20220904T100010_T33SVB.jpg
True,2021-08-17T09:40:00,Sentinel 2,MSI,Thermal anomalies,20190130T094239_20190130T094638_T33SVB.jpg
True,2021-08-25T09:50:00,Sentinel 2,MSI,Thermal anomalies,20220320T094031_20220320T094349_T33SVB.jpg
True,2021-08-27T09:40:00,Sentinel 2,MSI,Thermal anomalies,20210427T095031_20210427T095355_T33SVB.jpg
True,2021-08-30T09:50:00,Sentinel 2,MSI,Lava flows,20191015T095031_20191015T095354_T33SVB.jpg
True,2021-09-01T09:40:00,Sentinel 2,MSI,Thermal anomalies,20170505T094031_20170505T094858_T33SVB.jpg
True,2021-09-16T09:40:00,Sentinel 2,MSI,Thermal anomalies,20220206T095059_20220206T095113_T33SVB.jpg
True,2021-09-19T09:50:00,Sentinel 2,MSI,Thermal anomalies,20180306T094019_20180306T094104_T33SVB.jpg
True,2021-09-21T09:40:00,Sentinel 2,MSI,Lava Flows,20200701T095031_20200701T095501_T33SVB.jpg
True,2021-09-24T09:50:00,Sentinel 2,MSI,Thermal anomalies,20200606T095029_20200606T095031_T33SVB.jpg
True,2021-09-26T09:40:00,Sentinel 2,MSI,Thermal anomalies,20220601T095041_20220601T095037_T33SVB.jpg
True,2021-09-29T09:50:00,Sentinel 2,MSI,Thermal anomalies,20191106T094109_20191106T094328_T33SVB.jpg
True,2021-10-04T09:50:00,Sentinel 2,MSI,Thermal anomalies,20180425T094029_20180425T094242_T33SVB.jpg
True,2021-10-09T09:50:00,Sentinel 2,MSI,Thermal anomalies,20191116T094159_20191116T094318_T33SVB.jpg
True,2021-10-16T09:40:00,Sentinel 2,MSI,Thermal anomalies,20220830T094601_20220830T094823_T33SVB.jpg
True,2021-10-21T09:40:00,Sentinel 2,MSI,Thermal anomalies,20220313T095031_20220313T095402_T33SVB.jpg
True,2021-11-13T09:52:00,Sentinel 2,MSI,Thermal anomalies,20190103T095409_20190103T095535_T33SVB.jpg
True,2021-11-15T09:41:00,Sentinel 2,MSI,Thermal anomalies,20220305T094029_20220305T094028_T33SVB.jpg
True,2021-11-20T09:43:00,Sentinel 2,MSI,Thermal anomalies,20230104T094411_20230104T094406_T33SVB.jpg
True,2021-11-30T09:43:00,Sentinel 2,MSI,Thermal anomalies,20190811T095039_20190811T095702_T33SVB.jpg
True,2021-12-05T09:42:00,Sentinel 2,MSI,Thermal anomalies,20211009T095029_20211009T095128_T33SVB.jpg
True,2021-12-08T09:53:00,Sentinel 2,MSI,No activity,20201110T094229_20201110T094227_T33SVB.jpg
True,2021-12-13T09:54:00,Sentinel 2,MSI,Thermal anomalies,20201115T094251_20201115T094351_T33SVB.jpg
True,2021-12-15T09:43:00,Sentinel 2,MSI,Thermal anomalies,20210618T094029_20210618T094031_T33SVB.jpg
True,2021-12-18T09:53:00,Sentinel 2,MSI,Thermal anomalies,20220613T094039_20220613T094034_T33SVB.jpg
True,2021-12-20T09:44:00,Sentinel 2,MSI,Thermal anomalies,20201120T094309_20201120T094312_T33SVB.jpg
True,2021-12-23T09:54:00,Sentinel 2,MSI,Thermal anomalies,20220805T094549_20220805T094815_T33SVB.jpg
True,2021-12-28T09:53:00,Sentinel 2,MSI,Thermal anomalies,20221208T095411_20221208T095405_T33SVB.jpg
True,2021-12-30T09:44:00,Sentinel 2,MSI,Thermal anomalies,20220616T095039_20220616T095033_T33SVB.jpg
True,2022-01-02T09:54:00,Sentinel 2,MSI,Thermal anomalies,20171116T094239_20171116T094805_T33SVB.jpg
True,2022-01-04T09:43:00,Sentinel 2,MSI,Thermal anomalies,20200310T094031_20200310T094338_T33SVB.jpg
True,2022-01-12T09:53:00,Sentinel 2,MSI,Thermal anomalies,20211120T094311_20211120T094349_T33SVB.jpg
True,2022-01-14T09:42:00,Sentinel 2,MSI,Thermal anomalies,20180915T095019_20180915T095020_T33SVB.jpg
True,2022-01-17T09:52:00,Sentinel 2,MSI,Thermal anomalies,20201011T094039_20201011T095011_T33SVB.jpg
True,2022-01-19T09:43:00,Sentinel 2,MSI,Thermal anomalies,20171025T095101_20171025T095911_T33SVB.jpg
True,2022-01-22T09:53:00,Sentinel 2,MSI,Thermal anomalies,20180612T095031_20180612T095654_T33SVB.jpg
True,2022-01-27T09:51:00,Sentinel 2,MSI,Thermal anomalies,20210815T095031_20210815T095358_T33SVB.jpg
True,2022-02-03T09:41:00,Sentinel 2,MSI,Thermal anomalies,20181204T095359_20181204T095353_T33SVB.jpg
True,2022-02-06T09:50:00,Sentinel 2,MSI,No activity,20190828T094039_20190828T094520_T33SVB.jpg
True,2022-02-08T09:41:00,Sentinel 2,MSI,Thermal anomalies,20201128T095341_20201128T095358_T33SVB.jpg
True,2022-02-11T09:51:00,Sentinel 2,MSI,Thermal anomalies,20220621T095041_20220621T095041_T33SVB.jpg
True,2022-02-13T09:40:00,Sentinel 2,MSI,Thermal anomalies,20190125T094301_20190125T094258_T33SVB.jpg
True,2022-02-16T09:50:00,Sentinel 2,MSI,Thermal anomalies,20220822T093549_20220822T093837_T33SVB.jpg
True,2022-02-18T09:40:00,Sentinel 2,MSI,Thermal anomalies,20200924T095029_20200924T095911_T33SVB.jpg
True,2022-02-21T09:50:00,Sentinel 2,MSI,Thermal anomalies,20171005T095031_20171005T095027_T33SVB.jpg
True,2022-02-23T09:40:00,Sentinel 2,MSI,Thermal anomalies,20171104T095201_20171104T095845_T33SVB.jpg
True,2022-03-03T09:50:00,Sentinel 2,MSI,Thermal anomalies,20210320T094029_20210320T094030_T33SVB.jpg
True,2022-03-10T09:40:00,Sentinel 2,MSI,No activity,20210124T094301_20210124T094346_T33SVB.jpg
True,2022-03-15T09:40:00,Sentinel 2,MSI,Thermal anomalies,20190520T094039_20190520T094636_T33SVB.jpg
True,2022-03-18T09:50:00,Sentinel 2,MSI,No activity,20210330T094029_20210330T094615_T33SVB.jpg
True,2022-03-23T09:50:00,Sentinel 2,MSI,Thermal anomalies,20180309T095019_20180309T095740_T33SVB.jpg
True,2022-03-25T09:40:00,Sentinel 2,MSI,Thermal anomalies,20210628T094029_20210628T094031_T33SVB.jpg
True,2022-03-28T09:50:00,Sentinel 2,MSI,Thermal anomalies,20200822T094039_20200822T094034_T33SVB.jpg
True,2022-04-04T09:40:00,Sentinel 2,MSI,No activity,20210221T095029_20210221T095041_T33SVB.jpg
True,2022-04-09T09:40:00,Sentinel 2,MSI,Thermal anomalies,20170118T095321_20170118T095324_T33SVB.jpg
True,2022-04-12T09:50:00,Sentinel 2,MSI,Thermal anomalies,20200708T094041_20200708T094035_T33SVB.jpg
True,2022-04-19T09:40:00,Sentinel 2,MSI,Thermal anomalies,20200517T095029_20200517T095822_T33SVB.jpg
True,2022-04-24T09:40:00,Sentinel 2,MSI,Thermal anomalies,20180108T095359_20180108T095950_T33SVB.jpg
True,2022-04-27T09:50:00,Sentinel 2,MSI,Thermal anomalies,20180331T094031_20180331T094450_T33SVB.jpg
True,2022-05-14T09:40:00,Sentinel 2,MSI,Lava Flows,20200909T095031_20200909T095402_T33SVB.jpg
True,2022-05-17T09:50:00,Sentinel 2,MSI,Lava flows,20220315T094029_20220315T094029_T33SVB.jpg
True,2022-05-19T09:40:00,Sentinel 2,MSI,Lava Flows,20170128T095241_20170128T095557_T33SVB.jpg
True,2022-05-22T09:50:00,Sentinel 2,MSI,Lava Flows,20210402T095029_20210402T095027_T33SVB.jpg
True,2022-05-24T09:40:00,Sentinel 2,MSI,Thermal anomalies,20230527T095031_20230527T095031_T33SVB.jpg
True,2022-05-29T09:40:00,Sentinel 2,MSI,Lava Flows,20210422T095029_20210422T095939_T33SVB.jpg
True,2022-06-01T09:50:00,Sentinel 2,MSI,Lava flows,20220827T093601_20220827T094732_T33SVB.jpg
True,2022-06-03T09:40:00,Sentinel 2,MSI,Lava flows,20191027T094029_20191027T094607_T33SVB.jpg
True,2022-06-06T09:50:00,Sentinel 2,MSI,Lava flows,20191211T094411_20191211T094405_T33SVB.jpg
True,2022-06-08T09:40:00,Sentinel 2,MSI,Lava Flows,20220728T094041_20220728T094040_T33SVB.jpg
True,2022-06-11T09:50:00,Sentinel 2,MSI,Lava flows,20171214T095401_20171214T095719_T33SVB.jpg
True,2022-06-13T09:40:00,Sentinel 2,MSI,Thermal anomalies,20210303T095029_20210303T095122_T33SVB.jpg
True,2022-06-21T09:50:00,Sentinel 2,MSI,Thermal anomalies,20190619T094039_20190619T094103_T33SVB.jpg
True,2022-06-23T09:40:00,Sentinel 2,MSI,Thermal anomalies,20200429T094031_20200429T094033_T33SVB.jpg
True,2022-06-26T09:50:00,Sentinel 2,MSI,Thermal anomalies,20220815T094549_20220815T094813_T33SVB.jpg
True,2022-06-28T09:40:00,Sentinel 2,MSI,Thermal anomalies,20171206T094349_20171206T094609_T33SVB.jpg
True,2022-07-01T09:50:00,Sentinel 2,MSI,Thermal anomalies,20200626T095029_20200626T095032_T33SVB.jpg
True,2022-07-03T09:40:00,Sentinel 2,MSI,Thermal anomalies,20201203T095359_20201203T095357_T33SVB.jpg
True,2022-07-06T09:50:00,Sentinel 2,MSI,Thermal anomalies,20191129T095249_20191129T095245_T33SVB.jpg
True,2022-07-16T09:45:00,Sentinel 2,MSI,Thermal anomalies,20180219T094031_20180219T094519_T33SVB.jpg
True,2022-07-21T09:50:00,Sentinel 2,MSI,Thermal anomalies,20210606T095031_20210606T095359_T33SVB.jpg
True,2022-07-23T09:35:00,Sentinel 2,MSI,Thermal anomalies,20210701T095029_20210701T095030_T33SVB.jpg
True,2022-07-26T09:45:00,Sentinel 2,MSI,Thermal anomalies,20210926T094029_20210926T094525_T33SVB.jpg
True,2022-07-28T09:40:00,Sentinel 2,MSI,Thermal anomalies,20180520T094031_20180520T094616_T33SVB.jpg
True,2022-07-31T09:50:00,Sentinel 2,MSI,Thermal anomalies,20200204T094109_20200204T094147_T33SVB.jpg
True,2022-08-02T09:35:00,Sentinel 2,MSI,Thermal anomalies,20180823T094029_20180823T094754_T33SVB.jpg
True,2022-08-07T09:36:00,Sentinel 2,MSI,Thermal anomalies,20210608T094029_20210608T094032_T33SVB.jpg
True,2022-08-15T09:45:00,Sentinel 2,MSI,Thermal anomalies,20181101T094129_20181101T094132_T33SVB.jpg
True,2022-08-17T09:36:00,Sentinel 2,MSI,Thermal anomalies,20210613T094031_20210613T094346_T33SVB.jpg
True,2022-08-20T09:46:00,Sentinel 2,MSI,Thermal anomalies,20170508T095031_20170508T095651_T33SVB.jpg
True,2022-08-22T09:35:00,Sentinel 2,MSI,Thermal anomalies,20211203T095401_20211203T095357_T33SVB.jpg
True,2022-08-25T09:45:00,Sentinel 2,MSI,Thermal anomalies,20180316T094029_20180316T094045_T33SVB.jpg
True,2022-08-27T09:36:00,Sentinel 2,MSI,Thermal anomalies,20190324T095029_20190324T095522_T33SVB.jpg
True,2022-08-30T09:46:00,Sentinel 2,MSI,Thermal anomalies,20171114T095251_20171114T095745_T33SVB.jpg
True,2022-09-04T09:45:00,Sentinel 2,MSI,Thermal anomalies,20191114T095251_20191114T095353_T33SVB.jpg
True,2022-09-06T09:36:00,Sentinel 2,MSI,Thermal anomalies,20190806T095031_20190806T095827_T33SVB.jpg
True,2022-09-09T09:46:00,Sentinel 2,MSI,Thermal anomalies,20170227T095021_20170227T095613_T33SVB.jpg
True,2022-09-11T09:35:00,Sentinel 2,MSI,Thermal anomalies,20210924T095031_20210924T095359_T33SVB.jpg
True,2022-09-14T09:46:00,Sentinel 2,MSI,Thermal anomalies,20210414T094031_20210414T094340_T33SVB.jpg
True,2022-09-16T09:40:00,Sentinel 2,MSI,Thermal anomalies,20191030T095039_20191030T095047_T33SVB.jpg
True,2022-09-19T09:50:00,Sentinel 2,MSI,Thermal anomalies,20210706T095031_20210706T095401_T33SVB.jpg
True,2022-09-24T09:50:00,Sentinel 2,MSI,Thermal anomalies,20220119T094321_20220119T094346_T33SVB.jpg
True,2022-10-01T09:40:00,Sentinel 2,MSI,Thermal anomalies,20190826T095031_20190826T095031_T33SVB.jpg
True,2022-10-04T09:50:00,Sentinel 2,MSI,Thermal anomalies,20211125T094229_20211125T094539_T33SVB.jpg
True,2022-10-06T09:39:00,Sentinel 2,MSI,Thermal anomalies,20190217T095051_20190217T095513_T33SVB.jpg
True,2022-10-09T09:49:00,Sentinel 2,MSI,Thermal anomalies,20220201T095231_20220201T095358_T33SVB.jpg
True,2022-10-11T09:38:00,Sentinel 2,MSI,Thermal anomalies,20221110T094129_20221110T094128_T33SVB.jpg
True,2022-10-16T09:40:00,Sentinel 2,MSI,Thermal anomalies,20211014T095041_20211014T095401_T33SVB.jpg
True,2022-10-19T09:50:00,Sentinel 2,MSI,Thermal anomalies,20210616T095031_20210616T095913_T33SVB.jpg
True,2022-10-24T09:50:00,Sentinel 2,MSI,Thermal anomalies,20180925T095029_20180925T095555_T33SVB.jpg
True,2022-10-26T09:41:00,Sentinel 2,MSI,Thermal anomalies,20191022T094041_20191022T094344_T33SVB.jpg
True,2022-10-29T09:51:00,Sentinel 2,MSI,Thermal anomalies,20220104T094309_20220104T094308_T33SVB.jpg
True,2022-10-31T09:40:00,Sentinel 2,MSI,Thermal anomalies,20171126T094319_20171126T094321_T33SVB.jpg
True,2022-11-03T09:50:00,Sentinel 2,MSI,Thermal anomalies,20171216T094359_20171216T094956_T33SVB.jpg
True,2022-11-08T09:52:00,Sentinel 2,MSI,Thermal anomalies,20170702T095029_20170702T095713_T33SVB.jpg
True,2022-11-10T09:41:00,Sentinel 2,MSI,Thermal anomalies,20210708T094029_20210708T094032_T33SVB.jpg
True,2022-11-25T09:43:00,Sentinel 2,MSI,Thermal anomalies,20230328T095031_20230328T095027_T33SVB.jpg
True,2022-11-28T09:53:00,Sentinel 2,MSI,Thermal anomalies,20190513T095039_20190513T095154_T33SVB.jpg
True,2022-11-30T09:42:00,Sentinel 2,MSI,Lava Flows,20220701T095041_20220701T095042_T33SVB.jpg
True,2022-12-05T09:44:00,Sentinel 2,MSI,Thermal anomalies,20200305T094029_20200305T094629_T33SVB.jpg
True,2022-12-08T09:54:00,Sentinel 2,MSI,Lava Flows,20180614T094029_20180614T094930_T33SVB.jpg
True,2022-12-18T09:54:00,Sentinel 2,MSI,Lava Flows,20180410T094031_20180410T094154_T33SVB.jpg
True,2022-12-20T09:43:00,Sentinel 2,MSI,Lava Flows,20190622T095039_20190622T095037_T33SVB.jpg
True,2022-12-23T09:53:00,Sentinel 2,MSI,Lava flows,20170907T094029_20170907T094439_T33SVB.jpg
True,2022-12-25T09:44:00,Sentinel 2,MSI,Lava Flows,20210323T095029_20210323T095028_T33SVB.jpg
True,2022-12-28T09:54:00,Sentinel 2,MSI,Lava Flows,20220731T095041_20220731T095039_T33SVB.jpg
True,2022-12-30T09:43:00,Sentinel 2,MSI,Lava Flows,20220603T094029_20220603T094030_T33SVB.jpg
True,2023-01-02T09:53:00,Sentinel 2,MSI,Lava flows,20200504T094029_20200504T094809_T33SVB.jpg
True,2023-01-04T09:44:00,Sentinel 2,MSI,Lava Flows,20220107T095309_20220107T095353_T33SVB.jpg
True,2023-01-07T09:54:00,Sentinel 2,MSI,Lava flows,20200229T094031_20200229T094811_T33SVB.jpg
True,2023-01-12T09:52:00,Sentinel 2,MSI,Lava flows,20180123T095311_20180123T095306_T33SVB.jpg
True,2023-01-14T09:43:00,Sentinel 2,MSI,Lava flows,20210807T094029_20210807T094032_T33SVB.jpg
True,2023-01-17T09:53:00,Sentinel 2,MSI,Lava Flows,20170214T094101_20170214T094559_T33SVB.jpg
True,2023-01-19T09:42:00,Sentinel 2,MSI,Lava flows,20220606T095029_20220606T095030_T33SVB.jpg
True,2023-01-24T09:43:00,Sentinel 2,MSI,Thermal anomalies,20200527T095029_20200527T095501_T33SVB.jpg
True,2023-01-27T09:52:00,Sentinel 2,MSI,Lava flows,20171106T094149_20171106T094519_T33SVB.jpg
True,2023-01-29T09:41:00,Sentinel 2,MSI,Lava Flows,20230127T095251_20230127T095354_T33SVB.jpg
True,2023-02-01T09:51:00,Sentinel 2,MSI,Lava Flows,20210122T095219_20210122T095336_T33SVB.jpg
True,2023-02-03T09:42:00,Sentinel 2,MSI,Thermal anomalies,20200123T095311_20200123T095815_T33SVB.jpg
True,2023-02-06T09:52:00,Sentinel 2,MSI,Thermal anomalies,20220122T095321_20220122T095356_T33SVB.jpg
True,2023-02-08T09:40:00,Sentinel 2,MSI,Thermal anomalies,20200502T095031_20200502T095808_T33SVB.jpg
True,2023-02-11T09:50:00,Sentinel 2,MSI,Thermal anomalies,20210203T094211_20210203T094345_T33SVB.jpg
True,2023-02-13T09:41:00,Sentinel 2,MSI,Thermal anomalies,20200718T094041_20200718T094126_T33SVB.jpg
True,2023-02-16T09:51:00,Sentinel 2,MSI,Thermal anomalies,20180415T094029_20180415T094756_T33SVB.jpg
True,2023-02-18T09:40:00,Sentinel 2,MSI,Thermal anomalies,20190423T095039_20190423T095036_T33SVB.jpg
True,2023-02-21T09:50:00,Sentinel 2,MSI,Thermal anomalies,20220524T094029_20220524T094031_T33SVB.jpg
True,2023-02-23T09:40:00,Sentinel 2,MSI,Thermal anomalies,20200731T095041_20200731T095357_T33SVB.jpg
True,2023-03-13T09:50:00,Sentinel 2,MSI,Thermal anomalies,20200224T094029_20200224T094125_T33SVB.jpg
True,2023-03-18T09:50:00,Sentinel 2,MSI,Thermal anomalies,20190204T094211_20190204T094257_T33SVB.jpg
True,2023-03-23T09:50:00,Sentinel 2,MSI,Thermal anomalies,20170816T095031_20170816T095737_T33SVB.jpg
True,2023-03-25T09:40:00,Sentinel 2,MSI,Thermal anomalies,20220402T095031_20220402T095400_T33SVB.jpg
True,2023-03-30T09:40:00,Sentinel 2,MSI,Thermal anomalies,20221021T093939_20221021T094919_T33SVB.jpg
True,2023-04-02T09:50:00,Sentinel 2,MSI,Thermal anomalies,20180329T095029_20180329T095416_T33SVB.jpg
True,2023-04-07T09:50:00,Sentinel 2,MSI,Thermal anomalies,20170309T095021_20170309T095021_T33SVB.jpg
True,2023-04-12T09:50:00,Sentinel 2,MSI,Thermal anomalies,20200805T095029_20200805T095043_T33SVB.jpg
True,2023-04-27T09:50:00,Sentinel 2,MSI,Thermal anomalies,20190510T094039_20190510T094502_T33SVB.jpg
True,2023-04-29T09:40:00,Sentinel 2,MSI,No activity,20221213T095319_20221213T095352_T33SVB.jpg
True,2023-05-07T09:50:00,Sentinel 2,MSI,Thermal anomalies,20180214T094059_20180214T094808_T33SVB.jpg
True,2023-05-19T09:35:00,Sentinel 2,MSI,Thermal anomalies,20170717T095031_20170717T095631_T33SVB.jpg
